binomial,count
Ae. aegypti,45
Aedes aegypti,40
Ae. albopictus,36
Picea abies,23
Plasmodium falciparum,22
Calanus finmarchicus,21
Ixodes ricinus,21
Ixodes scapularis,21
Aedes albopictus,19
Pinus sylvestris,18
Borrelia burgdorferi,17
Globodera pallida,16
Globodera rostochiensis,16
Escherichia coli,15
Plasmodium vivax,15
Spartina alterniflora,14
An. gambiae,14
Fagus sylvatica,14
Platycladus orientalis,14
Triticum aestivum,12
Xenopus laevis,12
Tamias alpinus,11
Acer saccharum,11
Gypsophila bermejoi,10
Chaetodactylus krombeini,10
Quercus petraea,10
Ascophyllum nodosum,10
Tricholoma matsutake,10
Solanum tuberosum,10
Populus tremuloides,10
Ambrosia artemisiifolia,10
Schisandra sphenanthera,9
Hedera helix,9
Rhizophora mangle,9
Lutzomyia intermedia,9
E. coli,9
Acanthopagrus butcheri,9
Achatina fulica,9
Ctenocephalides felis,9
Anopheles gambiae,9
Abies balsamea,9
Vulpes vulpes,9
Arabidopsis thaliana,9
Merremia peltata,9
Rhododendron ponticum,9
Pinus pinaster,9
Acer rubrum,8
Palythoa caribaeorum,8
Davidia involucrata,8
Proechimys guyannensis,8
Plantago lanceolata,8
Pinus contorta,8
Populus tremula,8
Aloe vera,8
Pseudotsuga menziesii,8
Plethodon cinereus,8
Gymnocarpos przewalskii,8
Colobanthus quitensis,8
Pseudolarix amabilis,8
Schistosoma japonicum,8
Colossoma macropomum,8
Vitis vinifera,8
Bufo bufo,8
Lutzomyia neivai,8
Octopus tetricus,7
Pinus edulis,7
Cedrela odorata,7
Nardostachys jatamansi,7
Spartina maritima,7
Vibrio parahaemolyticus,7
Festuca ovina,7
Batrachochytrium dendrobatidis,7
Pteropus alecto,7
Culex quinquefasciatus,7
Podocarpus parlatorei,7
Pteropus conspicillatus,7
Cochlodinium polykrikoides,7
Eretmochelys imbricata,7
Tamarix chinensis,7
Tsuga canadensis,7
Picea mariana,7
Rhinopithecus roxellana,7
Leishmania infantum,7
Lednia tumana,7
Mussismilia harttii,7
Tamias speciosus,7
Glycine max,7
Polygala tenuifolia,7
Caenorhabditis elegans,7
Anthocharis cardamines,7
Brassica napus,7
Porcellio scaber,7
Tamarix austromongolica,7
Aspergillus flavus,7
Senegalia senegal,7
Branchipodopsis wolfi,7
Asclepias syriaca,7
Squalius torgalensis,7
Nardostachys chinensis,7
Betula alleghaniensis,7
Betula papyrifera,7
Helicoverpa zea,7
Nyssa yunnanensis,7
Hymenoscyphus fraxineus,7
Proechimys cuvieri,7
Canarina eminii,6
Picea glauca,6
Calanus glacialis,6
Nezara viridula,6
Emys trinacris,6
Ballota acetabulosa,6
Squalius carolitertii,6
Clarkia pulchella,6
Reticulitermes flavipes,6
Excirolana analoga,6
Triunia robusta,6
Speyeria diana,6
Balanophyllia europaea,6
Acropora hyacinthus,6
Sardinella maderensis,6
Ursus arctos,6
Stylophora pistillata,6
Gasterosteus aculeatus,6
Spartina densiflora,6
Teucrium divaricatum,6
Trypanosoma cruzi,6
Macrosiphum euphorbiae,6
Oncomelania hupensis,6
Cypripedium parviflorum,6
Pinus albicaulis,6
Rorippa austriaca,6
Apodemus sylvaticus,6
Cervus elaphus,6
Schistosoma mansoni,6
Chrysemys picta,6
Cypripedium candidum,6
Lantana camara,6
Argopecten anophagefferens,6
An. arabiensis,6
Cx. quinquefasciatus,6
Micrurus fulvius,6
Larix decidua,6
Pinus strobus,6
Bison bison,6
Phenacoccus solenopsis,6
Ursus maritimus,6
Placopecten magellanicus,5
Stipa breviflora,5
Meccus pallidipennis,5
Lycaena tityrus,5
Colias eriphyle,5
Phragmites australis,5
Nepenthes rafflesiana,5
Platygyra acuta,5
Aratus pisonii,5
Myotis escalerai,5
Orthetrum coerulescens,5
Fucus vesiculosus,5
Micropterus salmoides,5
Oniscus asellus,5
Paracentrotus lividus,5
Lycaena helle,5
Canis lupus,5
Quercus robur,5
Osmia cornifrons,5
Drosophila suzukii,5
Lama guanicoe,5
Argopecten irradians,5
Leishmania tropica,5
An. stephensi,5
Betula pendula,5
Xenopus tropicalis,5
Olea europaea,5
Vibrio vulnificus,5
Caretta caretta,5
Armadillidium vulgare,5
Bufotes balearicus,5
Myotis crypticus,5
Eucalyptus melliodora,5
Molinia caerulea,5
Medicago sativa,5
Fagus grandifolia,5
Anopheles arabiensis,5
Phlebotomus ariasi,5
Armadillium vulgare,5
Drosophila melanogaster,5
Ochotona princeps,5
Pteronarcys californica,4
Calanus hyperboreus,4
Bicyclus anynana,4
Acaena antarctica,4
An. sacharovi,4
Silene acaulis,4
Bison occidentalis,4
Avicennia germinans,4
An. superpictus,4
Quercus ilex,4
Xenosaurus phalaroanthereon,4
Galinsoga parviflora,4
Ephedra aspera,4
Leucophyllum laevigatum,4
An. atroparvus,4
Nastanthus falklandicus,4
Choristoneura fumiferana,4
Sinapis alba,4
Microtus spretus,4
Vaccinium reticulatum,4
Pararge aegeria,4
An. messeae,4
Excirolana hirsuticauda,4
Pieris rapae,4
Tamias minimus,4
Betula pubescens,4
Bison antiquus,4
Xenosaurus grandis,4
Xenosaurus platyceps,4
Salvelinus alpinus,4
I. scapularis,4
Blechnum cordatum,4
Xenosaurus mendozai,4
Dodonaea viscosa,4
Sophora chrysophylla,4
Xenosaurus rackhami,4
Parus major,4
Plantago moorei,4
Lymnaea stagnalis,4
Cx. pipiens,4
Bactrocera tryoni,4
Rhododendron ferrugineum,4
Endoconidiophora polonica,4
Bidens pilosa,4
Phlebotomus sergenti,4
Culicoides imicola,4
Xenosaurus tzacualtipantecus,4
Stipa purpurea,4
An. sergentii,4
Alle alle,4
Fraxinus excelsior,4
Xenosaurus agrenon,4
Amphinemura linda,4
Cardamine pratensis,4
Porcellio dilatatus,4
Orbicella faveolata,4
Ailuropoda melanoleuca,4
Anopheles atroparvus,4
Xenosaurus newmanorum,4
Wullschlaegelia calcarata,4
Lycaena dispar,4
Vaccinium thapsus,4
Lagopus muta,4
Gypsophila struthium,4
Pogoniopsis schenckii,4
Pseudotrapelus dhofarensis,4
Bursaphelenchus xylophilus,4
Nepenthes tentaculata,4
Setchellanthus caeruleus,4
Phlebotomus papatasi,4
Pinus pumila,4
Tigriopus californicus,4
Melipona subnitida,4
Salmo trutta,4
An. labranchiae,4
Picea sylvestris,4
Robinia pseudoacacia,4
Lindleya mespiloides,4
Sorghum bicolor,4
Orchestoidea tuberculata,4
Quercus cerris,4
Felis catus,4
Fasciola hepatica,4
Excirolana braziliensis,4
Pseudotrapelus jensvindumi,4
Citrus sinensis,3
Sphagnum fuscum,3
Sticherus cryptocarpa,3
Schisandra spenanthera,3
Deschampsia antarctica,3
Artemisia annua,3
Lolium perenne,3
Pectobacterium parmentieri,3
Artemisia scoparia,3
Uleiorchis ulaei,3
Azorella selago,3
Arundina macranthus,3
Dermochelys coriacea,3
Aedes japonicus,3
Oryx leucoryx,3
Emerita analoga,3
Ph. muscorum,3
Eulamprus leuraensis,3
Hordeum vulgare,3
Ficus pedunculosa,3
Primula sikkimensis,3
Schizachyrium scoparium,3
Culicoides variipennis,3
Capparis spinosa,3
Buteo buteo,3
Capreolus capreolus,3
Allium ramosum,3
Pinus banksiana,3
Glossina pallidipes,3
Clostridium perfringens,3
Eulamprus kosciuskoi,3
Spartina anglica,3
Laguncularia racemosa,3
Ulex europaeus,3
Ophrys sphegodes,3
Nepenthes macrophylla,3
Amaranthus retroflexus,3
Pinus radiata,3
Parthenium hysterophorus,3
P. vivax,3
Pantholops hodgsonii,3
Phlebotomus alexandri,3
Didymoplexis pallens,3
Gambusia holbrooki,3
Populus trichocarpa,3
Andropogon gerardii,3
Draba litamo,3
P. densiflora,3
Brassica juncea,3
Salmo salar,3
Thlaspi caerulescens,3
Globodera ellingtonae,3
Ononis tridentata,3
Themeda triandra,3
Stipa baicalensis,3
Culex pipiens,3
Ixodes persulcatus,3
Eucalyptus globulus,3
Bombus balteatus,3
Parazoanthus axinellae,3
Liostrea strigilecula,3
Capra hircus,3
Gypsophila tomentosa,3
Polemonium viscosum,3
R. alsia,3
Canis latrans,3
Cyanistes caeruleus,3
Vibrio cholera,3
Galeola lindleyana,3
Salix myrsinifolia,3
Erigeron karvinskianus,3
African time,3
Betula nana,3
Conyza canadensis,3
Malacobelemnon daytoni,3
P. sylvestris,3
Pinus taeda,3
Limodorum abortivum,3
Lycaon pictus,3
Culicoides brevitarsis,3
Leishmania major,3
Corallina caespitosa,3
Chenopodium oahuense,3
Picoides arcticus,3
Lepus americanus,3
Ophiocordyceps sinensis,3
Dickeya solani,3
Eliomys quercinus,3
T. ramosissima,3
Dendroctonus ponderosae,3
Ligia oceanica,3
Thalassiosira weissflogii,3
Elaeis guineensis,3
Pennisetum purpureum,3
Pectobacterium atrosepticum,3
M. lucens,3
Azorella monantha,3
Ovis aries,3
Fagus longipetiolata,3
Thuja occidentalis,3
Fusarium circinatum,3
Lithobates catesbeianus,3
Pinus halepensis,3
Thaleichthys pacificus,3
Pinus resinosa,3
Picea rubens,3
R. quadrifida,3
Ganoderma boninense,3
Ambrosia trifida,3
Xanthoceras sorbifolium,3
Sturnus vulgaris,3
P. falciparum,3
Nardostachys chinensi,3
Schizachyrium nutans,3
Himanthalia elongata,3
Cardamine paludosa,3
Meleagrinella curta,3
Cephalanthera austiniae,3
Acyrthosiphon pisum,3
Alcelaphus buselaphus,3
Perna viridis,3
Xenosaurus sanmartinensis,3
Connochaetes taurinus,3
Neovison vison,3
Hemilepistus reaumurii,3
Rumex acetosella,3
Oncorhynchus tshawytscha,3
Sardinops sagax,3
Microcystis aeruginosa,3
Shorea robusta,3
Martes americana,3
Placopecten maximus,3
Homo sapiens,3
Vibrio cholerae,3
Salvelinus fontinalis,3
Xenosaurus rectocollaris,3
Panthera uncia,3
Erythrorchis aphyllum,3
Gadus morhua,3
Danaus plexippus,3
Litoria spenceri,3
Albizia multiflora,3
Calluna vulgaris,3
Zootoca vivipara,3
Aulacaspis yasumatsui,3
Lynx canadensis,3
Pinus patula,3
Culicoides sonorensis,3
Ageratina adenophora,3
Agelas oroides,3
Amaranthus spinosus,3
Nassauvia falklandica,3
Micropterus dolomieu,3
Cephalanthera wisteriana,3
Ecklonia radiata,3
Erythrorchis cassythoides,3
Bufotes viridis,3
Culicoides occidentalis,3
Hexalectris spicata,3
Euphrasia minima,3
Hippocamelus bisulcus,3
Pectobacterium carotovorum,3
Culicoides insignis,3
Amalosia lesueurii,3
Sardinella aurita,3
Alexandrium minutum,3
Capra ibex,3
Berberis trifoliolata,3
Schistosoma haematobium,3
Anopheles messeae,3
Pinus ponderosa,3
Dipterocarpus turbinatus,3
Tamias striatus,3
Anas platyrhynchos,3
Passer montanus,2
Rhododendron catawbiense,2
Gryphaea planoconvexa,2
Oncorhynchus nerka,2
Skeletonema costatum,2
Alternaria alternata,2
Leptopsammia pruvoti,2
Poncirus trifoliata,2
Arctocephalus gazella,2
Ammodytes hexapterus,2
Phalotris lemniscatus,2
Populus deltoides,2
Eucalyptus tetrodonta,2
Menidia beryllina,2
Bombus pensylvanicus,2
Parus monticolus,2
Axinella damicornis,2
Solidago canadensis,2
Pinus mugo,2
Diatoma mesodon,2
Ailanthus altissima,2
Arundina montana,2
Rana temporaria,2
Yuhina diademata,2
Trichophorum pusilla,2
Equus kiang,2
G. lindleyana,2
Cajanus cajan,2
J. turkistanica,2
Touit melanonotus,2
Belonesox belizanus,2
Potentilla tanacetifolia,2
Notiomastodon platensis,2
P. nigra,2
Poincianella pyramidalis,2
Necator americanus,2
Aegilops tauschii,2
Galeola sesamoides,2
B. officinalis,2
Mustela nivalis,2
Plasmodium relictum,2
Plestiodon tenuifolium,2
Carpinus betulus,2
Centrostephanus rodgersii,2
Opisthorchis viverrini,2
Macrocystis pyrifera,2
Hemibelideus lemuroides,2
Phyllospora comosa,2
Physalis angulata,2
Drymarchon corais,2
Acinonyx jubatus,2
Argopecten purpuratus,2
Citrus medica,2
Apis mellifera,2
Antilocapra americana,2
Abies alba,2
Corallina tamariscifolia,2
Tamarix ramosissima,2
Petrosia ficiformis,2
Phylloscartes beckeri,2
Anthoxanthum odoratum,2
Cettia fortipes,2
Odocoileus hemionus,2
Clematis sibirica,2
Pinus cembra,2
Ceiba trichistandra,2
Tamias amoenus,2
Rizophora mangle,2
Rumex acetosa,2
Acacia mearnsii,2
R. crenulata,2
Acanthopanax sessiliflorus,2
Cordia macrantha,2
Pedicularis palustris,2
Calamagrostis effuse,2
Fusarium culmorum,2
Cichlasoma urophthalmus,2
Citrus clementina,2
C. elegans,2
Xenosaurus penai,2
Litoria serrata,2
Aureococcus anophagefferens,2
Venerupis philippinarum,2
Betula ermanii,2
P. parlatorei,2
Buchnera aphidicola,2
Coccoloba ruiziana,2
Artemisia tridentata,2
Colostygia multistrigaria,2
Aspergillus fumigatus,2
M. latifii,2
Pararge trivialis,2
Auxopus macranthus,2
Plethodon jordani,2
E. acuta,2
R. dumulosa,2
Gymnocarpos przewalski,2
Anopheles labranchiae,2
Distichia muscoides,2
Arachis hypogaea,2
Holcus lanatus,2
Psidium guajava,2
Juniperus communis,2
Galemys pyrenaicus,2
D. hamiltonianum,2
Rangifer tarandus,2
Niphogeton dissecta,2
Speyeria idalia,2
Cystodytes dellechiajei,2
R. himalensis,2
Lepomis macrochirus,2
Antiaris toxicaria,2
Capsella bursa,2
Vitis rupestris,2
An. darlingi,2
Senna tora,2
Handroanthus chrysanthus,2
R. kirilowii,2
Clelia hussami,2
Hydrocotyle vulgaris,2
T. dispar,2
Megadyptes antipodes,2
Aequiyoldia eightsi,2
Crambe crambe,2
Nepenthes deaniana,2
Corallina baccata,2
Stuckenia pectinata,2
Carex capillaris,2
Chacophrys stolzmanni,2
Camptonectes stygius,2
Epipactis helleborine,2
Automeris vanschaycki,2
Allium tenuissimum,2
Fagus orientalis,2
Salamandra salamandra,2
Reticulitermes virginicus,2
Eucampia zodiacus,2
Pachytriton labiatus,2
Phoca vitulina,2
Carex foetida,2
Cyananthus lobatus,2
Listeria monocytogenes,2
Ursus thibetanus,2
Nepenthes villosa,2
Cirsium acaule,2
Phymatolithon onkodes,2
Thymus capitatus,2
Bufo marinus,2
Rumex hydrolapathum,2
Myrsine dependens,2
Lutzomyia braziliensis,2
Salix glauca,2
Troglocharinus ferreri,2
Ambrosia psilostachya,2
Alcippe morrisonia,2
Accipiter nisus,2
R. henryi,2
Philoscia muscorum,2
Spizixos semitorques,2
Aphyllorchis montana,2
Dipodium hamiltonianum,2
Eulamprus cunninghami,2
Antidorcas marsupialis,2
Citrus maxima,2
Rhizosolenia styliformis,2
Dysidea avara,2
Calidris alpina,2
Podiceps cristatus,2
J. seravschanica,2
R. forrestii,2
Alnus incana,2
Setaria italica,2
Artemisia sieversiana,2
Spinitectus carolini,2
Acipenser transmontanus,2
Senna occidentalis,2
Ochotona roylei,2
Sphagnum rubellum,2
Rhynchosia venulosa,2
R. sacra,2
Citrus macrophylla,2
Culex modestus,2
Pygoscelis adeliae,2
Cochlospermum vitifolium,2
Ranunculus nivalis,2
Trapezodirus orobios,2
R. chryanthemifolia,2
Xenosaurus arboreus,2
Arabis hirsuta,2
Chelonia mydas,2
D. ochrophaeus,2
Phaseolus vulgaris,2
Macrophomina phaseolina,2
Ageratum conyzoides,2
Cryptococcus gattii,2
Acer coriaceifolium,2
Clostridium gattii,2
Clupea pallasi,2
Axinella polypoides,2
Atraphaxis frutescens,2
Cybocephalus nipponicus,2
Betula platyphylla,2
Anopheles stephensi,2
Mirounga angustirostris,2
Ceratium fusus,2
Heterodera schachtii,2
G. sesamoides,2
Undeuchaeta plumosa,2
Hyphanate petersiana,2
Passiflora edulis,2
Epipogium aphyllum,2
Hexinia polydichotoma,2
Bombus terrestris,2
Lanius collurio,2
Allosmerus elongates,2
Triatoma dispar,2
Camallanus oxycephalus,2
Liriomyza sativae,2
A. thaliana,2
Chironius carinatus,2
Anopheles maculipennis,2
Alnus viridis,2
R. integrifolia,2
Pedicularis oederi,2
Cryptocarya concinna,2
Streptococcus bovis,2
Aristotelia chilensis,2
Tamias ruficaudus,2
Cryptosporidium parvum,2
Dugong dugon,2
Leiothrix lutea,2
Phenacoccus solenopsi,2
Quercus mongolica,2
L. llanensis,2
Chamerion latifolium,2
Oryx dammah,2
Ephedra compacta,2
P. atrosepticum,2
R. yunnanensis,2
Uncinula necator,2
Sousa chinensis,2
Suncus etruscus,2
Thuja koraiensis,2
Eucommia ulmoides,2
Cyananthus inflatus,2
Nardus stricta,2
Martes martes,2
Cladosporium herbarum,2
Liriodendron chinense,2
Verbascum thapsus,2
Andropogon millefolium,2
Ixodes uriae,2
Heteropappus altaicus,2
Nepenthes rajah,2
Plethodon metcalfi,2
Lutzomyia longipalpis,2
Corallorhiza wisteriana,2
Manihot esculenta,2
Protothaca staminea,2
Polytrichum sexangulare,2
Amentotaxus argotaenia,2
Daphnia magna,2
Strongly disagree,2
Brassica rapa,2
Meloidogyne hapla,2
Megophrys minor,2
Homogyne alpina,2
Actinidia deliciosa,2
Laternula elliptica,2
Anopheles sacharovi,2
Alcyonium acaule,2
Climate stable,2
Silene noctiflora,2
Alces americanus,2
Camptonectes platessiformis,2
Ulmus minor,2
C. polykrikoides,2
Rhodnius prolixus,2
M. spretus,2
R. fastigiata,2
Cervus nippon,2
Calotriton asper,2
Dasycercus blythi,2
M. xanthina,2
Cycas revoluta,2
Bison latifrons,2
Oryctolagus cuniculus,2
Aegithalos concinnus,2
Chacophrys ornata,2
Castor canadensis,2
Filled square,2
Brevicoryne brassicae,2
P. thunbergii,2
Eudyptula minor,2
Bifurcaria bifurcata,2
Schizachyrium orbiculatus,2
Coccobius fulvus,2
Acrocephalus scirpaceus,2
Avicennia marina,2
Phytophthora ramorum,2
Caesalpinia glabrata,2
P. pinaster,2
Theobroma cacao,2
Panicum miliaceum,2
Eulamprus tympanum,2
Triodia basedowii,2
Phoebe bournei,2
Picea mugo,2
Pekania pennanti,2
Tursiops aduncus,2
Androsace septentrionalis,2
Spartina patens,2
Mastocarpus stellatus,2
Vernonia baldwinii,2
Gastrodia sesamoides,2
Ficedula albicollis,2
I. ricinus,2
Lithobates sylvaticus,2
Hylesia praedpichinchensis,2
Myrmotherula urosticta,2
Heterodera sacchari,2
Aspergillus parasiticus,2
Gamarus roeselii,2
Rhinella marina,2
Helictotrichon versicolor,2
Octopus vulgaris,2
Camptotheca acuminata,2
Trifolium pratense,2
Liriomyza trifolii,2
Platygyra daedalea,2
Hylocichla mustelina,2
Juglans regia,2
Dipsacus fullonum,2
Acropora palmata,2
Lioparus chrysotis,2
Tenebrio molitor,2
Taxus wallichiana,2
Xanthium strumarium,2
B. indicus,2
Ciona intestinalis,2
Moniliophthora perniciosa,2
Echeveria bicolor,2
Anthus pratensis,2
Salicion herbaceae,2
Dioryctria albovittella,2
Aspergillus terreus,2
Picoides borealis,2
Danio rerio,2
Primula sonchifolia,2
Juniper spp,2
Priority ranking,2
Metridia longa,2
Lagochilus ilicifolius,2
Prosopis juliflora,2
Lagochilus ilicifolium,2
Saxifraga cernua,2
Climate endangered,2
Bassia dasyphylla,2
Vaccinium spp,2
Populus cathayana,2
Squalius pyrenaicus,2
Stachyridopsis ruficeps,2
P. massoniana,2
Setophaga citrina,2
Apus apus,2
Ficus tinctoria,2
M. esculenta,2
Ancylostoma lumbricoides,2
Triatoma dimidata,2
Pterois volitans,2
Strongly agree,2
Nyctereutes procyonoides,2
Eumetopias jubatus,2
Dactylis litamo,2
P. marambioensis,2
Alnus glutinosa,2
Ascaris lumbricoides,2
Conyza bonariensis,2
Bison priscus,2
Citrus reticulata,2
Phylloscopus collybita,2
Alosa sapidissima,2
Oryza sativa,2
Eulamprus kingii,2
Sphagnum angustifolium,2
Cystoseira tamariscifolia,2
Metrosideros polymorpha,2
Pinus abies,2
Delphinium barbeyi,2
P. carotovorum,2
Quercus rubra,2
Citrus paradisi,2
Reticulitermes malletei,2
Sturnella magna,2
Rattus rattus,2
C. stolzmanni,2
Lutzomyia whitmani,2
Arabis glabra,2
Apherusa glacialis,2
B. taurus,2
Eriophorum vaginatum,2
Metrosideros phaseolina,2
Prunus avium,2
P. robusta,2
Nepenthes attenboroughii,2
Cathaya argyrophylla,2
Cemophora coccinea,2
Marmota monax,2
Trichuris trichiura,2
Senecio madagascariensis,2
Aquila chrysaetos,2
Chacophrys aurita,2
Puma concolor,2
Aythya ferina,2
Cibotium acuminata,2
Culex nigripalpis,2
Oryx gazella,2
Citrus limonia,2
Pennisetum clandestinum,2
Vicia faba,2
Helianthus annuus,2
Viola biflora,2
Schoenoplectus lacustris,2
Periparus ater,2
Arnica montana,2
Lampropeltis elapsoides,2
Polylepis quadrijuga,2
J. semiglobosa,2
Elsholtzia ciliata,2
T. chinensis,2
Nacobbus aberrans,2
Pisum sativum,2
Altenaeum charcoti,2
Bacillus thuringiensis,2
Anser anser,2
Solenopsis anglica,2
Peromyscus leucopus,2
Xenodon merremii,2
Rana pipiens,2
Prumnopitys andina,2
Passiflora mixta,2
Haemonchus contortus,2
Ribes meyeri,2
Koelreuteria paniculata,2
Anas crecca,2
Symbiodinium fitti,2
Fulvetta ruficapilla,2
Agrostis alpina,2
Phlebotomus perniciosus,2
Globularia cordifolia,2
Schoenus ferrugineus,2
Calligonum calliphysa,2
Hieracium pilosella,2
Guazuma ulmifolia,2
Amaranthus viridis,2
Lissolepis coventryi,2
Eulamprus frerei,2
Neopallasia pectinata,2
Crocidura russula,2
Leontodon helveticus,2
Amolops ricketti,2
Eptesicus fuscus,2
Myotis thysanodes,2
Tenualosa ilisha,2
Matricaria chamomilla,2
H. elongata,2
Pecten maximus,2
Chondrus crispus,2
Ixodes pacificus,2
Leishmania braziliens,2
P. magellanicus,2
Orcinus orca,2
P. parmentieri,2
Nepenthes lowii,2
R. bupleuroides,2
Cystoseira baccata,2
Drepanis coccinea,2
Pomatorhinus ruficollis,2
Spartina foliosa,2
Streptobacillus moniliformis,2
Neoechinorhyncus cylindratus,2
Primula tangutica,2
Parelaphostrongylus tenuis,2
Alnus acuminata,2
Anthocharis glabra,2
Bolboschoenus maritimus,2
Grus americana,2
Ancylostoma duodenale,2
P. koraiensis,2
Oenothera stricta,2
Tamiasciurus hudsonicus,2
Rotylenchulus reniformis,2
D. suzukii,2
Procapra przewalskii,2
Bothrops pirajai,2
Cypripedium calceolus,2
Picea cembra,2
Rumex obtusifolius,2
Cyananthus macrocalyx,2
Phytophthora cinnamomi,2
Delisea pulchra,2
Gryphaea nebrascensis,2
Haliotis rufescens,2
Ditylum brightwellii,2
Chenopodium album,2
Pinus koraiensis,2
Coxiella burnetii,2
Dactylis glomerata,2
Ommatissus lybicus,2
Lagopus lagopus,2
Odocoileus virginianus,2
Sphagnum magellanicum,2
Kochia prastrata,2
Eucalyptus camaldulensis,2
Zapada glacier,2
R. mangle,2
Cyrtochilum revolutum,2
Cryptocarya chinensis,2
Ribes spp,2
Reticulitermes nelsonae,2
Myzus persicae,2
Hypomesus transpacificus,2
Drosophila subobscura,2
Geranium carolinianum,2
Ceratium minutum,2
Cavanillesia platanifolia,2
Cassiope tetragona,1
Tylototriton asperrimus,1
Picoides pubescens,1
Tetraogallus tibetanus,1
Bufo terrestris,1
Achillea millefolium,1
Ostrea strigilecula,1
Favites abdita,1
P. abdominalis,1
Carex flava,1
Calidris fuscicollis,1
Pleuromya subcompressa,1
Phylloscopus trochilus,1
Artemisia frigida,1
Neofelis nebulosa,1
Lines types,1
Arctocephalus gazelle,1
Abies nephrolepis,1
Rhacochilus vacca,1
Trichomys apereoides,1
Halenia gentianoides,1
Cystophora cristata,1
Amblyomma hebraeum,1
Scutellaria baicalensis,1
Carex bigelowii,1
Picea tremula,1
Chasiempis ibidis,1
Battus philenor,1
Quercus velutina,1
Elaeis guaneensis,1
Dioscorea dumetorum,1
Rumex crispus,1
Ostrya carpinifolia,1
Sassafras randaiense,1
Iris germanica,1
Glaucomys sabrinus,1
Vitis berlandieri,1
P. muricata,1
Megaptera novaeangliae,1
P. onkodes,1
Speyeria cybele,1
Aphytis lepidosaphes,1
R. conorii,1
L. laevis,1
Pulex simulans,1
Procyon lotor,1
Corvus corax,1
Acacia senegal,1
Sinapis arvensis,1
X. tzacualtipantecus,1
Scomber scombrus,1
Brahea armata,1
Labeo bata,1
Phalaropus fulicarius,1
Callorhinus ursinus,1
Melanotaenia duboulayi,1
Pleuronectes platessa,1
Diatoma hyemalis,1
Oncorhynchus clarkii,1
Schoenus alpina,1
Streptopelia decaocto,1
D. monticola,1
Pseudotriton ruber,1
Hylarana macrodactyla,1
Procapra picticaudata,1
Lota lota,1
Botrytis cinerea,1
Viola szechuanica,1
P. thunbergi,1
Phyllotreta nemorum,1
Lepidium bipinnatifidum,1
Lystrosaurus maccaigi,1
Rhizophora apiculata,1
Populus tomentosa,1
Narrative perspective,1
Neomys fodiens,1
Trypanosoma brucei,1
Echinococcus granulosus,1
Aedes africanus,1
Petroselinum crispum,1
Prunus persica,1
Pl. ovale,1
Armadillidium nasatum,1
Terminalia ivorensis,1
Penicilluium chrysogenum,1
Aegithalos morrisonia,1
Hunnemannia fumariifolia,1
Colicodendrum scabridum,1
Plukenetia volubilis,1
Pistacia lenticus,1
Delosperma cooperi,1
Polioptila caerulea,1
Very severe,1
Orbicella faceolata,1
Quercus petrea,1
Tetraogallus himalayensis,1
Tillia americana,1
Hypomesus pretiosus,1
Orcinus kisutch,1
Aethia pusilla,1
Anthus campestris,1
Micropogonias undulates,1
Capra sibirica,1
Chenopodium canadensis,1
Alces alces,1
Pseudophryne bibronii,1
Glaciecola chathamensis,1
Phlebotomus kazeruni,1
Political leadership,1
Vicia fabia,1
Galium rotundifolium,1
Ischnocnema manezinho,1
Speonomus longicornis,1
General conditions,1
Viverricula indica,1
Canarina canariensis,1
Karenia brevis,1
Nyssomyia intermedia,1
Umingmakstrongylus pallikuukensis,1
Nassauvia falklandic,1
Lobatus gigas,1
S. cerevisiae,1
Aepyceros melampus,1
Plantago major,1
Podocarpus elatus,1
Emberiza schoeniclus,1
Abronia umbellata,1
Rothschildia erycina,1
An. albimanus,1
Spondias tuberosa,1
Dolichonyx oryzivorus,1
Carya glabra,1
Periga cynira,1
Normal ignorance,1
Chacophrys pierotti,1
Borago officinalis,1
A. psilostachya,1
Nassuavia falklandica,1
E. globulus,1
Prunus jamasakura,1
Shorea cuspidata,1
Mussismilia braziliensis,1
Ratibida pinnata,1
X. laevis,1
Squalius carolitetii,1
Atriplex halimus,1
Alauda arvensi,1
Crepis flexuosa,1
Lapatia dubia,1
Taxus sumatrana,1
Ithaginis cruentus,1
Phacidium infestans,1
Haemaphysalis concinna,1
Micropterus cataractae,1
Margaritifera margaritifera,1
Egernia frerei,1
Paspalum bonplandianum,1
Pararge brassicae,1
Leishmania cruzi,1
Allocasuarina portuensis,1
Capsicum annuum,1
Vibrio tapetis,1
Rhizophora racemosa,1
Viburnum hallii,1
Nepenthes murudensis,1
Anacamptis morio,1
Ficus septica,1
Alsophila denticulate,1
Numenius borealis,1
Adelges tsugae,1
Euphorbia peplus,1
Uria lomvia,1
Tympanuchus cupido,1
Xenopus petersii,1
Agrostis tolucensis,1
Lepidochelys olivacea,1
Operopthera brumata,1
Lagopus mutus,1
P. viticola,1
Erythrina spp,1
Melissa officinalis,1
Sisymbrium austriacum,1
Capparis spinose,1
Carex curvula,1
Calocedrus decurrens,1
Draba cocuyensis,1
S. typhi,1
Peromyscus eremicus,1
Weather importance,1
D. pallens,1
Toxicodendron radicans,1
Calamagrostis effusa,1
Netta rufina,1
Bonasa umbellus,1
B. javanicus,1
Ceratium lineatum,1
Ceratium finmarchicus,1
Emiliania huxleyi,1
Senegalia tortilis,1
Scenedesmus obliquus,1
Thaumetopoea pityocampa,1
Nuxia floribunda,1
Allium polyrhizum,1
Arachis ipaensis,1
Cygnus olor,1
Fouquieria shrevei,1
Mallotus villosus,1
Selaginella selaginoides,1
Borrelia recurrentis,1
Indigenous knowledge,1
Ranunculus uniflorus,1
Malacosoma disstria,1
Hoplocephalus bungaroides,1
Pinus densiflora,1
Actinidia chinensis,1
Clanga pomarina,1
Survey month,1
Lithothamnion corallioides,1
Cleistogenes songorica,1
Polypodium interjectum,1
Saccostrea glomerata,1
Trachycarpus fortunei,1
Phoenicurus phoenicurus,1
Poincianella microphylla,1
Leucophyllum laevigatus,1
Ammodramus henslowii,1
Graptemys pseudogeographica,1
Panurus biarmicus,1
Himasthla quissetensis,1
Alopex lagopus,1
Fissidens adianthoides,1
Brugeria gymonorrhiza,1
Scytalopus robbinsi,1
Clinocardium ciliatum,1
Varestrongylus cholera,1
Pseudophycis bacchus,1
Ovis ammon,1
Buddleja bullata,1
Impatiens capensis,1
Ceratocystis fimbriata,1
Buxus sempervirens,1
Caricion curvulae,1
Quercus prinus,1
Scomberomorus commerson,1
Stylophora pisitillata,1
Hypsipyla grandella,1
Davidia involucrate,1
Phylloscirpus deserticola,1
Ralstonia solanacearum,1
Leuconotopicus villosus,1
Salvelinus malma,1
R. himalensi,1
Durvillaea antarctica,1
Pteropus scapulatus,1
Gryllodes sigillatus,1
Picea likiangensis,1
Betula alleghanensis,1
Liriodendron tulipifera,1
Bitten month,1
P. marambionensis,1
Bombus centralis,1
Plestiodon septentrionalis,1
Pinus siberica,1
Amazona brasiliensis,1
Tetrao tetrix,1
Butomus umbellatus,1
Abies magnifica,1
Ageratum houstonianum,1
T. robusta,1
Oreammos americanus,1
Anthus trivialis,1
Eutamias sibiricus,1
Myotis lucifugus,1
Sylvia borin,1
Egernia kingii,1
Ae. aegpyti,1
Porites astreoides,1
Strategic ignorance,1
Porcellio olivieri,1
Mimulus guttatus,1
Scilla bifolia,1
Objective understanding,1
Gymnogyps californianus,1
Trithemis arteriosa,1
Medicago sphaerocarpos,1
Lonicera tatarinowii,1
Build resilience,1
Proechimys steerei,1
Zygogramma bicolorata,1
An. sacherovi,1
Erinaceus europaeus,1
Phylloscopus borealis,1
Macrochola tenacissima,1
Lachemilla orbiculata,1
Automeris banus,1
Urocitellus beldingi,1
Berberis trifolilata,1
Oculina patagonica,1
Dysphania pumilio,1
Cycad flavocapitis,1
Dryobates scalaris,1
Betula lenta,1
Zenaida macroura,1
Daboia russelii,1
Gremmeniella abietina,1
Rhododendron arboretum,1
Pentacalia corymbosa,1
Macaca fuscata,1
Pinus jeffreyi,1
Cirsium vulgare,1
Ceratium helgolandicus,1
Cancer spp,1
Triunia montana,1
Podocarpus nubigena,1
Social resilience,1
Platyarthrus schoblii,1
Equisetum variegatum,1
Tachymarptis melba,1
Potentilla simplex,1
Lutzomyia longipalis,1
Malania oleifera,1
Pomatorhinus monticolus,1
Pachnoda marginata,1
Maclura pomifera,1
Nothofagus dombeyi,1
Aeshna cyanea,1
Mephitis mephitis,1
Plestiodon simplex,1
Chlorophytum comosum,1
Espeletia lopezii,1
Briza media,1
Lynx pardinus,1
S. trenchii,1
Populus balsamifera,1
Cerithidea californica,1
Cerasystis frimbriata,1
Eriophyton wallichii,1
Aythya nyroca,1
Ceriops decandra,1
P. pratensis,1
Sinuber powelli,1
Rhinopithecus avunculus,1
Juncus triglumis,1
Oxyria digyna,1
Salix reticulata,1
Thalictrum alpinum,1
P. gracilis,1
T. brucei,1
Ocimum basilicum,1
Vaccinium macrocarpon,1
Eucalyptus grandis,1
Trichorhina tomentosa,1
P. radiata,1
Danthonia sp,1
Calidris mauri,1
Physignathus lesueurii,1
Diapensia lapponica,1
Aphantopus hyperantus,1
Q. ilex,1
Blastophaga pedunculosae,1
Fusarium oxysporum,1
Pistacia lentiscus,1
Procynosuchus delaharpeae,1
Pistacia therebinthus,1
Pluvialis dominica,1
Emberiza hortulana,1
Corallus cropannii,1
Arthrocnemum macrostachyum,1
Mesodesma mactroides,1
Calidris pusilla,1
Growth rate,1
Hypericum juniperum,1
Koompassia malaccensis,1
Green dots,1
Dreissena polymorpha,1
Pseudemys concinna,1
Blue boxes,1
P. borealis,1
Myristica dactyloides,1
Rattus sp,1
Phoenix reclinata,1
O. mykiss,1
Arachis duranensis,1
Senecio wedglacialis,1
Myiozetetes cayanensis,1
Marmota vancouverensis,1
Phelobotomus spp,1
Lilium nepalense,1
Cydia pomonella,1
Eacles penelope,1
Rutilus rutilus,1
Anas penelope,1
Campylobacter parvum,1
Hydrolithon reinboldii,1
Gunnera tinctoria,1
Pusa hispida,1
Vitis arizonica,1
Egernia striolata,1
Phocarctos hookeri,1
Triticum vugare,1
Metschnikowia bicuspidata,1
Plutella xylostella,1
Molgula pedunculata,1
Euchaeta acuta,1
Ipomoea batatas,1
Paramuricea clavata,1
Ophionotus victoriae,1
Kobus ellipsiprymnus,1
Distichia filamentosa,1
Polylepis patula,1
Calidris alba,1
Rhinella pipiens,1
M. raddei,1
Trichuris trichuria,1
Nepenthes palawanensis,1
Cedrela angustifolia,1
Spondias mombin,1
Lepidium virginicum,1
Ursus americanus,1
Agrostis boyacensis,1
Anthocharis thaliana,1
Bonasa bonasia,1
Opisthorchis felineus,1
Campanula scheuchzeri,1
Castanopsis chinensis,1
Clonorchis sinensis,1
Odobenus rosmarus,1
Osmerus eperlanus,1
Porcellionides pruinosus,1
Loxodonta africana,1
An. plumbeus,1
Argopecten aureococcus,1
Leuconotopicus borealis,1
Litoria peronii,1
Picea jezoensis,1
Panthera pardus,1
Blumeria graminis,1
Hevea brasiliensis,1
Vaccinium myrtillus,1
Bi. straminea,1
Eclipta prostrata,1
Brugeria sexangula,1
Bromus pilosa,1
Dicynodon lacerticeps,1
Pleuromamma abdominalis,1
Lotus corniculatus,1
Saussurea ceterach,1
An. gambaie,1
Platygyra sinensis,1
P. ponderosa,1
Metabolic ecology,1
E. maidenii,1
Calendula officinalis,1
Ascaris suum,1
Network densification,1
Bicyclus anyana,1
Pl. malariae,1
Alsophila spinulosa,1
Narthecium ossifragum,1
Oncorhynchus kisutch,1
Lycalopex culpaeus,1
Anopheles darlingi,1
Extremely unconcerned,1
P. leuconota,1
Melanophryniscus macrogranulosus,1
Anthyllis spp,1
Acaena selago,1
Network components,1
Prunus armeniaca,1
Porcellio laevis,1
Gentianella praecox,1
R. wallichiana,1
Naegleria fowleri,1
Hynobius leechii,1
Luminescence dating,1
Dryas lapponica,1
Oxyura leucocephala,1
Zosterops japonicus,1
Dendrocopos leucotos,1
Weinmannia microphylla,1
Cx. australicus,1
Brachyistius frenatus,1
Olea europea,1
Gremmeniella laricina,1
Pseudotrapelus sinaitus,1
Malva parviflora,1
Carya cordiformis,1
Phalacrocorax carbo,1
Collema tenax,1
Larix olgensis,1
R. rosea,1
Pinus pseudostrobus,1
Homonoia riparia,1
Cariniana legalis,1
Sibbaldia procumbens,1
Muscicapa striata,1
Chloephaga melanoptera,1
Sieversia pentapetala,1
Solanum lycopersicum,1
Myricaria paniculata,1
Sapindus rarak,1
Tamias senex,1
Hieracium angustifolium,1
Harvested area,1
Mahonia japonica,1
Citrus jambhiri,1
Leishmania braziliensis,1
Picoides palustris,1
Fumana thymifolia,1
Wuchereria bancrofti,1
Mikania micrantha,1
Dirofilaria immitis,1
Salicornia ramosissima,1
Extremely liberal,1
Libidibia ferrea,1
Hirudo medicinalis,1
Embothrium coccineum,1
Aedes ssp,1
Atriplex portulacoides,1
Erythrophleum suaveolens,1
Senecio vulgaris,1
Spiraea chamaedryfolia,1
Quercus engelmannii,1
Sylvia undata,1
Vaccinium uliginosum,1
Trichophorum alpinum,1
Mysella charcoti,1
Cyrprinus carpio,1
Merops apiaster,1
Archontophoenix cunninghamiana,1
Institutional infrastructures,1
Arabis alpina,1
Turdus iliacus,1
Cedrus atlantica,1
Cynodon dactylon,1
Pomacea maculata,1
Kelletia kelletii,1
Haemaphysalis formosensis,1
Meleagris gallopavo,1
Current climate,1
Phyllodoce aleutica,1
C. baluensis,1
Polyommatus bellargus,1
Lissolepis coggeri,1
Montastraea cavernosa,1
Sesamum indicum,1
Pentapora fascialis,1
Glomus intraradices,1
Double circles,1
Megadyptes waitaha,1
Magnolia wilsonii,1
Lophotstemon confertus,1
Didymoplexis hamiltonianum,1
Hyalomma truncatum,1
Foster cross,1
Myotis sodalis,1
Crocuta crocuta,1
Canarina abyssinica,1
An. pseudopunctipennis,1
Food systems,1
Haemaphysalis inermis,1
C. megalocarpus,1
Colletotrichum lentis,1
Xerophyta humilis,1
Carex stellatum,1
Pinus uncinata,1
Tyto alba,1
Festuca dolichophylla,1
Usable science,1
Lampropholis robertsi,1
Ulmus davidiana,1
Carex pulicaris,1
Dryas integrifolia,1
Drosophila hydei,1
Kobresia pygmaea,1
Plethodon richmondi,1
Dactylis fullonum,1
Limoniastrum monopetalum,1
Aphytis lingnanensis,1
Calliandra aeschynomenoides,1
Nardostachys chinenis,1
Artocarpus heterophyllus,1
Betweenness centrality,1
Lyme borreliosis,1
Indirect risks,1
Carex sempervirens,1
Tangara fastuosa,1
Mytilus edulis,1
Crescentia cujete,1
Sminthopsis hirtipes,1
Glossina palpalis,1
Chlorodrepanis virens,1
Thamnolia vermicularis,1
Carex microglochin,1
Megasphaera elsdenii,1
Haliaeetus leucocephalus,1
Ondatra zibethicus,1
Crambe dellechiajei,1
Diphyllobothrium nihonkaiense,1
Prunus serotina,1
Genetta genetta,1
Pinus lambertiana,1
Anthoxanthum lanceolata,1
Rhipicephalus appendiculatus,1
Surnia ulula,1
Quercus suber,1
Rhipicephalus sanguineus,1
Gentianella tenella,1
Eciton burchelli,1
Empetrum nigrum,1
Mussismilia hispida,1
Colpocephalum californici,1
Stemphylium botryosum,1
Suaeda vera,1
Cibotium barometz,1
Rhizophora harrisonii,1
R. yunanensis,1
Astarte meeki,1
Biscogniauxia mediterranea,1
Rhyacophila angelieri,1
Rubus idaeus,1
Corvus corvus,1
Cordyceps sinensis,1
Vaccinium floribundum,1
Trapezodirus bolivari,1
Circus pygargus,1
Vicugna vicugna,1
Stenotus rubrovittatus,1
Plasmopara viticola,1
Felis chaus,1
Pseudotaxus chienii,1
Trifolium repens,1
Pristorus rupestris,1
Berberis trifoliata,1
Heterotheca grandiflora,1
Epilobium montanum,1
Palythoa turbeculosa,1
Isoetes sp,1
Mepraia spinolai,1
Circus cyaneus,1
Rhizophagus intraradices,1
Cygnus cygnus,1
Pudu puda,1
Ichthyosaura alpestris,1
Citrus aurantium,1
Cinclus mexicanus,1
Tussilago farfara,1
Drimys winteri,1
Hypericum laricifolium,1
Paralithodes camtschaticus,1
Citrus amblycarpa,1
Microtus montanus,1
Sylvia atricapilla,1
Rhizophora mucranata,1
Agrostis rupestris,1
Radiocarbon dating,1
I. typographus,1
Terminalia franchetii,1
Perceived risks,1
Pseudomonas syringae,1
Crocothemis erythrea,1
Chacophrys crawelli,1
Picoides nuttallii,1
Spiza americana,1
Ceratium hexacanthum,1
Plebotomus ariasi,1
Acizzia veski,1
Potentilla atrosanguinea,1
Lepomis gibbosus,1
Arctic ice,1
Geum elatum,1
Prinsepia sinensis,1
Melenerpes aurifrons,1
Blastomyces dermatitidis,1
Echium vulgare,1
Sorbaria sorbifolia,1
Gulo gulo,1
Fringilla montifringilla,1
Thymus alba,1
Dysphania cooperi,1
Lepocreadium setiferoides,1
Institutional organization,1
Author centrality,1
Callitriche heteropoda,1
A. artemisiifolia,1
Hippophae rhamnoides,1
Senegalia senegalia,1
Sminthopsis youngsoni,1
Cycas guizhouensis,1
Silene atocioides,1
Speonomus fagniezi,1
Weinmannia trichosperma,1
Calidris melanotos,1
Posidonia oceanica,1
Dirofilaria repens,1
Vitis riparia,1
Larix spp,1
Lilaeopsis macloviana,1
Pseudotrapleus jensvindumi,1
Hyphaene compressa,1
Plebotomus papatasi,1
Pygoscelis papua,1
Chacophrys calcarata,1
Ruppia maritima,1
Knowledge constraints,1
Saussurea alpina,1
P. hermannsburgensis,1
Calanus helgolandicus,1
Monachus schauinslandi,1
Nepenthes gracilis,1
Phymatolithon lenormandii,1
Hemiauchenia paradoxa,1
Mustela n,1
Albizia ferruginea,1
Bungarus caeruleus,1
Cyclodomorphus gerrardii,1
Cenchrus clandestinus,1
Hematopinus oliveri,1
Rosmarinus officinalis,1
Pinus monticola,1
Alexandrium tamarense,1
Aesculus assamica,1
Tragelaphus angasii,1
A. trifida,1
Tamarix chinensi,1
Dactylorhiza lapponica,1
Paronychia canariensis,1
Aptenodytes forsteri,1
Sensory language,1
Aptenodytes patagonicus,1
Eubalaena glacialis,1
Misgurnus anguillicaudatus,1
Monarda pomifera,1
Claytonia lanceolata,1
Lupinus nootkatensis,1
Atractylodes lancea,1
Acanthaster planci,1
Aedes aegyptei,1
Bactrocera aquilonis,1
Salmo sala,1
Ph. auritus,1
Spheniscus magellanicus,1
Subjective understanding,1
Bombus lapidarius,1
A. phagocytophilum,1
Magnaporhe grisea,1
Sinopodophyllum hexandrum,1
Elephas maximus,1
Zeiraphera diniana,1
Helianthemum songaricum,1
Oxychloe andina,1
Dodonea viscosa,1
Cryptospordium parvum,1
Ceiba trichstandra,1
Stachyridopsis semitorques,1
Phellodendron amurense,1
Orbicella annularis,1
Chelonoidis porteri,1
Agave lechuguilla,1
Sphyrapicus thyroideus,1
Thalassionema nitzschioides,1
Solanum wedglacialis,1
Schedonorus arundinacea,1
Gymnocarpos decandrus,1
Quercus variabilis,1
Microtus duodecimcostatus,1
Erysimum mediohispanicum,1
Agrotis infusa,1
Milicia excelsa,1
Androsace septentrionali,1
Ceriodaphnia dubia,1
Haliaeetus albicilla,1
Astragalus scaphoides,1
Regional integration,1
Maytenus boaria,1
Picoides dorsalis,1
Pinus massoniana,1
Salsola spp,1
Juniperus monosperma,1
P. ovale,1
Cephalanthera longifolia,1
Cynops cyanurus,1
Montia fontana,1
Texas ignorance,1
Setophaga ruticilla,1
Eunicella singularis,1
Lophostemon confertus,1
Blastomyces dermatidis,1
Cx. restuans,1
Ziziphus joazeiro,1
Lactobacillus lactis,1
Ctenocephalides canis,1
Lasius neglectus,1
Macoma balthica,1
Eucalyptus deglupta,1
Melanophryniscus cambaraensis,1
Rhacophorus dennysi,1
Perca flavescens,1
Juglans australis,1
Network modularity,1
Lepus timidus,1
Abies concolor,1
Carduelis hornemanni,1
M. subnitida,1
Arenaria interpres,1
Hyla sarda,1
Toxorhynchites sp,1
Tepualia stipularis,1
Chromolaena odorata,1
Morus alba,1
T. carrioni,1
Pinus silvestris,1
Allium fistulosum,1
Fritillaria camschatcensis,1
Procambarus clarki,1
Melanerpes carolinus,1
Salix retusa,1
Alnus cordata,1
Dactylorhiza fuchsii,1
Oncorhynchus mykiss,1
Allium przewalskianum,1
Camptonectes bellistriatus,1
Pleuromamma borealis,1
Apterokarpus gardneri,1
Phascolarctos cinereus,1
Risk communication,1
Ficedula hypoleuca,1
Cladocora caespitosa,1
Acacia georginae,1
Caulerpa racemosa,1
Equisetum arvense,1
Metrosideros oryzae,1
Erysimum pallasii,1
Tadorna tadorna,1
Salvelinus namaycush,1
Hylesia continua,1
Perla grandis,1
Solea senegalensis,1
Leptodon forbesi,1
Aesculus assanuca,1
P. mugo,1
D. rotundifolia,1
Corallium rubrum,1
Potentilla pamirica,1
Mesoniscus graniger,1
Lavandula stoechas,1
Rhododendron ripense,1
Tylosema esculentum,1
Culex tarsalis,1
Eulamprus heatwolei,1
Haloxylon ammodendron,1
Atlantoscia floridana,1
Nassella trichotoma,1
Jatropha curcas,1
Arcterica nana,1
Network centrality,1
Rana amurensis,1
Tilia americana,1
Arundina graminifolia,1
Grus virgo,1
Hydrurus foetidus,1
Sphyrapicus varius,1
Weather counts,1
Vallea stipularis,1
Spirinchus thaleichthys,1
Salix arctica,1
Vitellaria paradoxa,1
Picea sp,1
Cypripedium acaule,1
Oncomelania hupensi,1
Collaborative governance,1
Alcea rosea,1
Pyrus koehnei,1
Salix herbacea,1
Alsophila gigantea,1
Crepis paludosa,1
Xenopus poweri,1
Piscidia carthagenensis,1
Cassiope latifolium,1
Varestrongylus eleguneniensis,1
Dendragapus fuliginosus,1
Hippophae neurocarpa,1
Gervus albirostris,1
Cryptocercus punctulatus,1
Muscadina rotundifolia,1
Pteropus poliocephalus,1
Historical climate,1
Platycrater arguta,1
Trachemys scripta,1
Ardea alba,1
Plebotomus alexandri,1
Holoaden bradei,1
Chelydra serpentina,1
Menidia menidia,1
Haliotis fulgens,1
Allium vineale,1
Elaeagnus pungens,1
Methano brevibacter,1
Improve communication,1
Troglocharinus bolivari,1
Kalopanax septemlobus,1
Cinclidium stygium,1
Sporobolus clandestinus,1
Hippocrepis comosa,1
Dioscorea praehensilis,1
Ricinus communis,1
Bubo virginianus,1
Orcinus gorbuscha,1
Pl. falciparum,1
Pycnanthemum tenuifolium,1
Hippophae gyantsensis,1
Kiaeria starkei,1
Dioscorea bulbifera,1
Pomacea canaliculata,1
Avicennia schaueriana,1
Phlebotomus longicuspis,1
Cochlospermum vitifoliu,1
Leishmania guayanensis,1
Gynoxys paramuna,1
Dracunculus medinensis,1
Stellaria media,1
Amblyseius cucumis,1
Physalaemus soaresi,1
Ammodramus bairdii,1
Crop production,1
Oncorhynchus keta,1
Fulica cristata,1
Baetis alpinus,1
Fokienia hodginsii,1
Swietenia macrophylla,1
Ceratium tripos,1
Ageratina conyzoides,1
Mustela sibirica,1
P. malariae,1
An. neivai,1
Pocillopora damicornis,1
Moringa oleifera,1
Peronosclerospora maydis,1
Citrus aurantifolia,1
P. banksiana,1
Pica pica,1
Strix aluco,1
Felis bengalensis,1
Pentacalia guicanensis,1
Amblyomma variegatum,1
Dactylorhiza incarnata,1
Tetradactylus eastwoodae,1
O. kisutch,1
Favongobius lateralis,1
Sophora tomentosa,1
Leopardus jacobita,1
Glossina fuscipes,1
Bulla quoyii,1
Pleuromamma robusta,1
Cardellina pusilla,1
Physical resilience,1
Ceratium longipes,1
Cervus canadensis,1
Palythoa caribdea,1
Chelonoidis donfaustoi,1
Saxifraga oppositifolia,1
Buteo rufinus,1
Sedum dasyphyllum,1
Rhizosolenia imbricata,1
Fritillaria cirrhosa,1
Lespedeza bicolor,1
Babesia microti,1
Bombina fortinuptialis,1
Calidris bairdii,1
Passerina caerulea,1
Ligidium cycladicum,1
Pteroceltis tatarinowii,1
M. albicornuta,1
Clupea pallasii,1
Turdus migratorius,1
Triticum durum,1
Forster cross,1
Citrus unshiu,1
Himatione sanguine,1
Q. robur,1
Bacillus laterosporus,1
Vicia sativa,1
Nepenthes mirabilis,1
Crocodylus moreletii,1
Lupinus pubescens,1
Clupea harengus,1
Alternaria thaliana,1
C. joazeirensis,1
Lomatia hirsuta,1
Quercus humboldtii,1
Marseniopis mollis,1
Solanum occidentalis,1
Hugo salvage,1
Mercenaria mercenaria,1
Engraulis mordax,1
Campylobacter jejuni,1
Colicodendron scabridum,1
Artemisiae annuae,1
Sitobion avenae,1
Pseudoceramodactylus khobarensis,1
Piliostigma thonningii,1
Emberiza aureola,1
Q. suber,1
Martes flavigula,1
Hydrurus arcus,1
Pelophylax hubeiensis,1
Globicephala melas,1
Rhipicephalus decoloratus,1
Vigna radiate,1
Oreochloa disticha,1
Halotydeus destructor,1
Raukaua latervirens,1
Caricion curvula,1
Cycas micronesica,1
Aproteles bulmerae,1
An. melas,1
Ostreococcus tauri,1
Euchaeta hebes,1
Cliona orientalis,1
Myrsine guianensis,1
Rupicapra rupicapra,1
Salix brachycarpa,1
Methanobrevibacter ruminantium,1
Palythoa caribaea,1
Decaisnea insignis,1
Acropora solitaryensis,1
Nitraria sphaerocarpa,1
Acheta domesticus,1
Acrocephalus arundinaceus,1
Cornus sericea,1
C. ornata,1
Coregonus lavaretus,1
Graptemys pseudogeographic,1
Perca fluviatilis,1
Hylobius abietis,1
Bursaria spinosa,1
Terrapene carolina,1
Coregonus albula,1
Post hoc,1
Orchinus orca,1
Canis dingo,1
Gazella dorcas,1
Cycad micronesica,1
Lagenaria siceraria,1
Stakeholder engagement,1
Zostera marina,1
Linepithema humile,1
Diomedea exulans,1
P. luchuensis,1
B. spinosa,1
Phoca hispida,1
Onchocerca volvulus,1
Pinus monophylla,1
Triticum turgidum,1
Tympanuchus radicans,1
Graptemys ouachitensis,1
Acanthochromis polyacanthus,1
Proboscia indica,1
Negative values,1
Sagina apetala,1
Triatoma dimidiata,1
S. paratyphi,1
Buteo lagopus,1
Loxopterigyum huasango,1
Centaurea stoebe,1
X. tropicalis,1
Erethizon dorsatum,1
Herpotrichia juniperi,1
Centaurea hyssopifolia,1
Carex atrofusca,1
Citrus reshni,1
Rhagoletis indifferens,1
Cupressus sempervirens,1
Prunus salicina,1
M. kuhrangica,1
Partamona helleri,1
Fraxinus angustifolia,1
Plasmodium knowlesi,1
Palythoa caribbaea,1
Burramys parvus,1
Pleuragramma antarcticum,1
Stipa glareosa,1
Dipterocarpus cinereus,1
Ursus marinus,1
Triadica sebifera,1
Accipiter gentilis,1
Angiostrongylus cantonensis,1
Aextoxicon punctatum,1
Theriognathus microps,1
Polygala sibiric,1
Amphibolurus muricatus,1
Network diameter,1
Open circles,1
Monarda fistulosa,1
Siganus luridus,1
Tsuga mertensiana,1
Erythrina velutina,1
Acrobatornis fonsecai,1
Cycas taitungensis,1
Senecio niveoaureus,1
Micrurus tener,1
Vitis labrusca,1
Eucalyptus citriodora,1
Halimium halimifolium,1
Bryum pseudotriquetrum,1
Lens ervoides,1
Larix laricina,1
Hypochaeris radicata,1
Hylatomus pileatus,1
Osmia lignaria,1
Leucaena leucocephala,1
Plathymenia palmivora,1
Pleuromamma gracilis,1
Rosa roxburghii,1
Zoogonus lasius,1
Picoides albolarvatus,1
Sorghastrum nutans,1
Gazella thomsonii,1
Eucalyptus occidentalis,1
Wolbachia pipientis,1
Microcyclus ulei,1
Lotus japonicus,1
Oropsylla hirsuta,1
Filled circles,1
Vitis amurensis,1
Organizational structure,1
Corymbia calophylla,1
Anthocharis hirsuta,1
Myricaria bracteata,1
Kobresia simpliciuscula,1
Trichophorum cespitosum,1
Procecidochares utilis,1
Asclepias speciosa,1
Niveoscincus ocellatus,1
Macrotyloma uniflorum,1
Culicoides obsoletus,1
Sarcocornia perennis,1
Terminalia superba,1
Rhizoglomus intraradices,1
Onthophagus taurus,1
Lutra lutra,1
Melanophryniscus dorsalis,1
Dermacentor reticulatus,1
Armadillidium zenckeri,1
Varanus varius,1
Reaumuria soongarica,1
Ceratium macroceros,1
Bacillus licheniformis,1
Syngnathus acus,1
Eucryphia cordifolia,1
Papaver rhoeas,1
Rhyzobius lophanthae,1
Callinectes sapidus,1
Crassostrea virginica,1
Schizachyrium arundinacea,1
Hieracium alpinum,1
Premna serratifolia,1
Diceros bicornis,1
Citrus micrantha,1
Linum usitatissimum,1
Phalaropus lobatus,1
Economic constraints,1
Alsophila metteniana,1
Armadillidium lymberakisi,1
Bunias orientalis,1
Artemia salina,1
Cicer echinospermum,1
Pedicularis davidii,1
Neotoma cinerea,1
Nucella lapillus,1
Proechimys simonsi,1
Locusta migratoria,1
Ononis tridentatata,1
P. knowlesi,1
Solanum nigrum,1
Venezillo arizonicus,1
Colaptes auratus,1
N. alexis,1
Pseudois nayaur,1
Salmincola edwardsii,1
Siganus rivulatus,1
Xylocarpus mekongenis,1
Cedrus deodra,1
Primula cuneifolia,1
Betula pseudotriquetrum,1
Arabidopsis tauschii,1
Model testing,1
X. phalaroanthereon,1
Amomyrtus meli,1
Plethodon montanus,1
Nyssomyia neivai,1
Health systems,1
Luscinia luscinia,1
Justicia adhatoda,1
Xenopus victorianus,1
Saxidomus giganteus,1
Vinca minor,1
Symphoricarpos orbiculatus,1
Esox lucius,1
Geoffroea spinosa,1
M. wagneri,1
Cymbopogon citratus,1
Argyroxiphium sandwicense,1
Solanum commersonii,1
Plethodon glutinosus,1
Fejervarya multistriata,1
Quercus coccinea,1
Ulmus pumila,1
Pinus halapensis,1
Thymus mastichina,1
Hippocrepis emerus,1
Pinus tabulaeformis,1
Hibiscus tiliaceus,1
Plebotomus sergenti,1
Orcinus keta,1
Erythrophleum ivorense,1
Solenopsis invicta,1
Ixodes dammini,1
Sciurus carolinensis,1
Corallina crispus,1
Clematis songorica,1
Porites astreoids,1
Abies sachalinensis,1
Pemphis acidula,1
Climate threatened,1
An. coluzzii,1
T. usneoides,1
Erithacus rubecula,1
Plethodon wehrlei,1
Psychodopygus intermedius,1
Diospyros mespiliformis,1
Food security,1
Falcipennis canadensis,1
Quercus pubescens,1
Ommatissus binotatus,1
Colobanthus quintensis,1
Cochlodinium virginica,1
Egernia cunninghami,1
Hypsiboas curupi,1
Cedrus deodara,1
Digitalis purpurea,1
Metridia lucens,1
Argopecten anophagefference,1
Coregonus artedi,1
Lespedeza cuneata,1
Phaseolus calcaratus,1
Gallus gallus,1
Melanerpes erythrocephalus,1
Turdus merula,1
Bromus tectorum,1
Sphyrapicus nuchalis,1
Pyrrhura orcesi,1
Fringilla coelebs,1
Pinus sabiniana,1
Collema coccophorum,1
Thymus spp,1
Melanerpes formicivorus,1
Alliaria petiolata,1
Vultur gryphus,1
Phytophthora palmivora,1
Bufo melanostictus,1
Citrus limon,1
Gray bars,1
Aloe barbadensis,1
Desmana moschata,1
Agave striata,1
M. longa,1
Noctiluca scintillans,1
Somateria mollissima,1
Neoseiulus califonicus,1
Solidago virgaurea,1
Coffea arabica,1
Public support,1
Musca domestica,1
Thyrsites atun,1
Eliomys europaeus,1
Acropora muricata,1
Bursera graveolens,1
Falco peregrinus,1
Corymbia maculata,1
Myriapora truncata,1
Lycalopex griseus,1
Cocos nucifera,1
Lotus corniculata,1
Porcellium collicola,1
Partnenium hysterophorus,1
Eragrostis tef,1
Nepenthes campanulata,1
Chenopodium quinoa,1
Polygala alpestris,1
Dark blue,1
Tofieldia pusilla,1
Persicaria vivipara,1
L. asper,1
Plathymenia foliosa,1
Brassica oleracea,1
Branta leucopsis,1
Eulamprus striolata,1
Hibiscus pernambucensis,1
Crassostrea gigas,1
Vigna mungo,1
Aphanomyces euteiches,1
Phalaris arundinacea,1
Prunus dulcis,1
Anopheles melanoon,1
Populus grandidentata,1
Rattus villosissimus,1
B. bifurcata,1
Leuciscus idus,1
Thalassiothrix longissima,1
Candidatus liberibacter,1
Larix siberica,1
Hexagrammos decagrammus,1
Ostryopsis davidiana,1
Odorrana hainanensis,1
Bassia dasyphyl,1
Diplasterias brucei,1
Anthyllis vulneraria,1
Puumala virus,1
Lactuca serriola,1
Syncerus caffer,1
Notophthalmus viridescens,1
Diceros dumetorum,1
Lanius collaris,1
Lissotriton vulgaris,1
Euphorbia candelabrum,1
Connochaetes gnu,1
S. nisoria,1
Phasianus colchicus,1
Orthetrum coeruelscens,1
Rumex scutatus,1
Pseudomys pilligaensis,1
Euphausia superba,1
Moschus chrysogaster,1
Lepomis microchirus,1
Thalictrum squamiferum,1
Dioscorea trifida,1
Senegalia dudgeoni,1
Syntrichia caninervis,1
Ageratina houstonianum,1
Eunaticina infrequens,1
Saxegothaea conspicua,1
Emys orbicularis,1
Quercus alba,1
Paraquilegia microphylla,1
Wyeomyia smithii,1
Ceratium furca,1
Acaena elongata,1
Arctocephalus tropicalis,1
Malacobelemnon pedunculata,1
Gammarus roeselii,1
Pieris brassicae,1
Laserpitium siler,1
Felis viverrina,1
Leiothrix chrysotis,1
Kalliapseudes schubartii,1
Meles meles,1
Natator depressus,1
Schistosoma japonica,1
Genista anglica,1
Nepenthes ephippiata,1
Clerodendrum inerme,1
Scytothalia dorycarpa,1
Limulus polyphemus,1
